{
    "type": "ThemeStyle",
    "fontBody": "fontPrimary",
    "h1": {
        "size": "6xl",
        "weight": "medium",
        "decoration": "none",
        "case": "uppercase",
        "letterSpacing": "tight"
    },
    "h2": {
        "size": "5xl",
        "weight": "normal",
        "decoration": "none",
        "case": "uppercase",
        "letterSpacing": "normal"
    },
    "h3": {
        "size": "4xl",
        "weight": "normal",
        "decoration": "none",
        "case": "uppercase",
        "letterSpacing": "normal"
    },
    "h4": {
        "size": "3xl",
        "weight": "medium",
        "decoration": "none",
        "case": "uppercase",
        "letterSpacing": "normal"
    },
    "h5": {
        "size": "xl",
        "weight": "medium",
        "decoration": "none",
        "case": "uppercase",
        "letterSpacing": "normal"
    },
    "h6": {
        "size": "lg",
        "weight": "medium",
        "decoration": "none",
        "case": "uppercase",
        "letterSpacing": "normal"
    },
    "light": "#f8f4b5",
    "onLight": "#000000",
    "dark": "#000000",
    "onDark": "#FBFFF2",
    "primary": "#0804F6",
    "onPrimary": "#FBFFF2",
    "secondary": "#FE491F",
    "onSecondary": "#050806",
    "complementary": "#565862",
    "onComplementary": "#FBFFF2",
    "buttonPrimary": {
        "weight": "normal",
        "case": "none",
        "letterSpacing": "normal",
        "horizontalPadding": 20,
        "verticalPadding": 15
    },
    "buttonSecondary": {
        "weight": "normal",
        "case": "none",
        "letterSpacing": "normal",
        "horizontalPadding": 20,
        "verticalPadding": 15
    },
    "link": {
        "weight": "normal",
        "case": "uppercase",
        "letterSpacing": "normal"
    }
}